user_id,registration_date
1,2013-11-15
250001,2013-11-16
500001,2013-11-17
750001,2013-11-18
1000001,2013-11-19
1250001,2013-11-20
1500001,2013-11-21
1750001,2013-11-23
2000001,2013-11-24
2250001,2013-11-25
2500001,2013-11-26
2750001,2013-11-27
3000001,2013-11-28
3250001,2013-11-30
3500001,2013-12-01
3750001,2013-12-02
4000001,2013-12-03
4250001,2013-12-04
4500001,2013-12-05
4750001,2013-12-06
5000001,2013-12-08
5250001,2013-12-09
5500001,2013-12-10
5750001,2013-12-11
6000001,2013-12-12
6250001,2013-12-13
6500001,2013-12-14
6750001,2013-12-15
7000001,2013-12-17
7250001,2013-12-18
7500001,2013-12-19
7750001,2013-12-20
8000001,2013-12-21
8250001,2013-12-22
8500001,2013-12-23
8750001,2013-12-25
9000001,2013-12-26
9250001,2013-12-27
9500001,2013-12-28
9750001,2013-12-29
10000001,2013-12-30
10250001,2013-12-31
10500001,2014-01-02
10750001,2014-01-03
11000001,2014-01-04
11250001,2014-01-05
11500001,2014-01-06
11750001,2014-01-07
12000001,2014-01-08
12250001,2014-01-09
12500001,2014-01-11
12750001,2014-01-12
13000001,2014-01-13
13250001,2014-01-14
13500001,2014-01-15
13750001,2014-01-16
14000001,2014-01-17
14250001,2014-01-18
14500001,2014-01-20
14750001,2014-01-21
15000001,2014-01-22
15250001,2014-01-23
15500001,2014-01-24
15750001,2014-01-25
16000001,2014-01-26
16250001,2014-01-27
16500001,2014-01-29
16750001,2014-01-30
17000001,2014-01-31
17250001,2014-02-01
17500001,2014-02-02
17750001,2014-02-03
18000001,2014-02-04
18250001,2014-02-05
18500001,2014-02-07
18750001,2014-02-08
19000001,2014-02-09
19250001,2014-02-10
19500001,2014-02-11
19750001,2014-02-12
20000001,2014-02-13
20250001,2014-02-14
20500001,2014-02-15
20750001,2014-02-17
21000001,2014-02-18
21250001,2014-02-19
21500001,2014-02-20
21750001,2014-02-21
22000001,2014-02-22
22250001,2014-02-23
22500001,2014-02-24
22750001,2014-02-25
23000001,2014-02-27
23250001,2014-02-28
23500001,2014-03-01
23750001,2014-03-02
24000001,2014-03-03
24250001,2014-03-04
24500001,2014-03-05
24750001,2014-03-06
25000001,2014-03-07
25250001,2014-03-09
25500001,2014-03-10
25750001,2014-03-11
26000001,2014-03-12
26250001,2014-03-13
26500001,2014-03-14
26750001,2014-03-15
27000001,2014-03-16
27250001,2014-03-17
27500001,2014-03-18
27750001,2014-03-20
28000001,2014-03-21
28250001,2014-03-22
28500001,2014-03-23
28750001,2014-03-24
29000001,2014-03-25
29250001,2014-03-26
29500001,2014-03-27
29750001,2014-03-28
30000001,2014-03-29
30250001,2014-03-31
30500001,2014-04-01
30750001,2014-04-02
31000001,2014-04-03
31250001,2014-04-04
31500001,2014-04-05
31750001,2014-04-06
32000001,2014-04-07
32250001,2014-04-08
32500001,2014-04-09
32750001,2014-04-11
33000001,2014-04-12
33250001,2014-04-13
33500001,2014-04-14
33750001,2014-04-15
34000001,2014-04-16
34250001,2014-04-17
34500001,2014-04-18
34750001,2014-04-19
35000001,2014-04-20
35250001,2014-04-21
35500001,2014-04-23
35750001,2014-04-24
36000001,2014-04-25
36250001,2014-04-26
36500001,2014-04-27
36750001,2014-04-28
37000001,2014-04-29
37250001,2014-04-30
37500001,2014-05-01
37750001,2014-05-02
38000001,2014-05-03
38250001,2014-05-04
38500001,2014-05-06
38750001,2014-05-07
39000001,2014-05-08
39250001,2014-05-09
39500001,2014-05-10
39750001,2014-05-11
40000001,2014-05-12
40250001,2014-05-13
40500001,2014-05-14
40750001,2014-05-15
41000001,2014-05-16
41250001,2014-05-17
41500001,2014-05-19
41750001,2014-05-20
42000001,2014-05-21
42250001,2014-05-22
42500001,2014-05-23
42750001,2014-05-24
43000001,2014-05-25
43250001,2014-05-26
43500001,2014-05-27
43750001,2014-05-28
44000001,2014-05-29
44250001,2014-05-30
44500001,2014-05-31
44750001,2014-06-02
45000001,2014-06-03
45250001,2014-06-04
45500001,2014-06-05
45750001,2014-06-06
46000001,2014-06-07
46250001,2014-06-08
46500001,2014-06-09
46750001,2014-06-10
47000001,2014-06-11
47250001,2014-06-12
47500001,2014-06-13
47750001,2014-06-14
48000001,2014-06-15
48250001,2014-06-17
48500001,2014-06-18
48750001,2014-06-19
49000001,2014-06-20
49250001,2014-06-21
49500001,2014-06-22
49750001,2014-06-23
50000001,2014-06-24
50250001,2014-06-25
50500001,2014-06-26
50750001,2014-06-27
51000001,2014-06-28
51250001,2014-06-29
51500001,2014-06-30
51750001,2014-07-01
52000001,2014-07-02
52250001,2014-07-04
52500001,2014-07-05
52750001,2014-07-06
53000001,2014-07-07
53250001,2014-07-08
53500001,2014-07-09
53750001,2014-07-10
54000001,2014-07-11
54250001,2014-07-12
54500001,2014-07-13
54750001,2014-07-14
55000001,2014-07-15
55250001,2014-07-16
55500001,2014-07-17
55750001,2014-07-18
56000001,2014-07-19
56250001,2014-07-20
56500001,2014-07-21
56750001,2014-07-23
57000001,2014-07-24
57250001,2014-07-25
57500001,2014-07-26
57750001,2014-07-27
58000001,2014-07-28
58250001,2014-07-29
58500001,2014-07-30
58750001,2014-07-31
59000001,2014-08-01
59250001,2014-08-02
59500001,2014-08-03
59750001,2014-08-04
60000001,2014-08-05
60250001,2014-08-06
60500001,2014-08-07
60750001,2014-08-08
61000001,2014-08-09
61250001,2014-08-10
61500001,2014-08-11
61750001,2014-08-13
62000001,2014-08-14
62250001,2014-08-15
62500001,2014-08-16
62750001,2014-08-17
63000001,2014-08-18
63250001,2014-08-19
63500001,2014-08-20
63750001,2014-08-21
64000001,2014-08-22
64250001,2014-08-23
64500001,2014-08-24
64750001,2014-08-25
65000001,2014-08-26
65250001,2014-08-27
65500001,2014-08-28
65750001,2014-08-29
66000001,2014-08-30
66250001,2014-08-31
66500001,2014-09-01
66750001,2014-09-02
67000001,2014-09-03
67250001,2014-09-04
67500001,2014-09-05
67750001,2014-09-06
68000001,2014-09-07
68250001,2014-09-09
68500001,2014-09-10
68750001,2014-09-11
69000001,2014-09-12
69250001,2014-09-13
69500001,2014-09-14
69750001,2014-09-15
70000001,2014-09-16
70250001,2014-09-17
70500001,2014-09-18
70750001,2014-09-19
71000001,2014-09-20
71250001,2014-09-21
71500001,2014-09-22
71750001,2014-09-23
72000001,2014-09-24
72250001,2014-09-25
72500001,2014-09-26
72750001,2014-09-27
73000001,2014-09-28
73250001,2014-09-29
73500001,2014-09-30
73750001,2014-10-01
74000001,2014-10-02
74250001,2014-10-03
74500001,2014-10-04
74750001,2014-10-05
75000001,2014-10-06
75250001,2014-10-07
75500001,2014-10-08
75750001,2014-10-09
76000001,2014-10-10
76250001,2014-10-11
76500001,2014-10-12
76750001,2014-10-13
77000001,2014-10-14
77250001,2014-10-15
77500001,2014-10-16
77750001,2014-10-17
78000001,2014-10-18
78250001,2014-10-20
78500001,2014-10-21
78750001,2014-10-22
79000001,2014-10-23
79250001,2014-10-24
79500001,2014-10-25
79750001,2014-10-26
80000001,2014-10-27
80250001,2014-10-28
80500001,2014-10-29
80750001,2014-10-30
81000001,2014-10-31
81250001,2014-11-01
81500001,2014-11-02
81750001,2014-11-03
82000001,2014-11-04
82250001,2014-11-05
82500001,2014-11-06
82750001,2014-11-07
83000001,2014-11-08
83250001,2014-11-09
83500001,2014-11-10
83750001,2014-11-11
84000001,2014-11-12
84250001,2014-11-13
84500001,2014-11-14
84750001,2014-11-15
85000001,2014-11-16
85250001,2014-11-17
85500001,2014-11-18
85750001,2014-11-19
86000001,2014-11-20
86250001,2014-11-21
86500001,2014-11-22
86750001,2014-11-23
87000001,2014-11-24
87250001,2014-11-25
87500001,2014-11-26
87750001,2014-11-27
88000001,2014-11-28
88250001,2014-11-29
88500001,2014-11-30
88750001,2014-12-01
89000001,2014-12-02
89250001,2014-12-03
89500001,2014-12-04
89750001,2014-12-05
90000001,2014-12-06
90250001,2014-12-07
90500001,2014-12-08
90750001,2014-12-09
91000001,2014-12-10
91250001,2014-12-11
91500001,2014-12-12
91750001,2014-12-13
92000001,2014-12-14
92250001,2014-12-15
92500001,2014-12-16
92750001,2014-12-17
93000001,2014-12-18
93250001,2014-12-19
93500001,2014-12-20
93750001,2014-12-21
94000001,2014-12-22
94250001,2014-12-23
94500001,2014-12-24
94750001,2014-12-25
95000001,2014-12-26
95250001,2014-12-27
95500001,2014-12-28
95750001,2014-12-29
96000001,2014-12-30
96250001,2014-12-31
96500001,2015-01-01
96750001,2015-01-02
97000001,2015-01-03
97250001,2015-01-04
97500001,2015-01-05
97750001,2015-01-06
98000001,2015-01-07
98250001,2015-01-08
98500001,2015-01-09
98750001,2015-01-10
99000001,2015-01-11
99250001,2015-01-11
99750001,2015-01-13
100250001,2015-01-15
100750001,2015-01-17
101250001,2015-01-19
101750001,2015-01-21
102250001,2015-01-23
102750001,2015-01-25
103250001,2015-01-27
103750001,2015-01-29
104250001,2015-01-31
104750001,2015-02-02
105250001,2015-02-04
105750001,2015-02-06
106250001,2015-02-08
106750001,2015-02-10
107250001,2015-02-12
107750001,2015-02-14
108250001,2015-02-16
108750001,2015-02-18
109250001,2015-02-19
109750001,2015-02-21
110250001,2015-02-23
110750001,2015-02-25
111250001,2015-02-27
111750001,2015-03-01
112250001,2015-03-03
112750001,2015-03-05
113250001,2015-03-07
113750001,2015-03-09
114250001,2015-03-11
114750001,2015-03-13
115250001,2015-03-15
115750001,2015-03-16
116250001,2015-03-18
116750001,2015-03-20
117250001,2015-03-22
117750001,2015-03-24
118250001,2015-03-26
118750001,2015-03-28
119250001,2015-03-30
119750001,2015-04-01
120250001,2015-04-03
120750001,2015-04-05
121250001,2015-04-06
121750001,2015-04-08
122250001,2015-04-10
122750001,2015-04-12
123250001,2015-04-14
123750001,2015-04-16
124250001,2015-04-18
124750001,2015-04-20
125250001,2015-04-22
125750001,2015-04-23
126250001,2015-04-25
126750001,2015-04-27
127250001,2015-04-29
127750001,2015-05-01
128250001,2015-05-03
128750001,2015-05-05
129250001,2015-05-07
129750001,2015-05-08
130250001,2015-05-10
130750001,2015-05-12
131250001,2015-05-14
131750001,2015-05-16
132250001,2015-05-18
132750001,2015-05-20
133250001,2015-05-21
133750001,2015-05-23
134250001,2015-05-25
134750001,2015-05-27
135250001,2015-05-29
135750001,2015-05-31
136250001,2015-06-02
136750001,2015-06-03
137250001,2015-06-05
137750001,2015-06-07
138250001,2015-06-09
138750001,2015-06-11
139250001,2015-06-13
139750001,2015-06-14
140250001,2015-06-16
140750001,2015-06-18
141250001,2015-06-20
141750001,2015-06-22
142250001,2015-06-24
142750001,2015-06-25
143250001,2015-06-27
143750001,2015-06-29
144250001,2015-07-01
144750001,2015-07-03
145250001,2015-07-05
145750001,2015-07-06
146250001,2015-07-08
146750001,2015-07-10
147250001,2015-07-12
147750001,2015-07-14
148250001,2015-07-16
148750001,2015-07-17
149250001,2015-07-19
149750001,2015-07-21
150250001,2015-07-23
150750001,2015-07-25
151250001,2015-07-26
151750001,2015-07-28
152250001,2015-07-30
152750001,2015-08-01
153250001,2015-08-03
153750001,2015-08-04
154250001,2015-08-06
154750001,2015-08-08
155250001,2015-08-10
155750001,2015-08-12
156250001,2015-08-13
156750001,2015-08-15
157250001,2015-08-17
157750001,2015-08-19
158250001,2015-08-20
158750001,2015-08-22
159250001,2015-08-24
159750001,2015-08-26
160250001,2015-08-28
160750001,2015-08-29
161250001,2015-08-31
161750001,2015-09-02
162250001,2015-09-04
162750001,2015-09-05
163250001,2015-09-07
163750001,2015-09-09
164250001,2015-09-11
164750001,2015-09-12
165250001,2015-09-14
165750001,2015-09-16
166250001,2015-09-18
166750001,2015-09-20
167250001,2015-09-21
167750001,2015-09-23
168250001,2015-09-25
168750001,2015-09-27
169250001,2015-09-28
169750001,2015-09-30
170250001,2015-10-02
170750001,2015-10-04
171250001,2015-10-05
171750001,2015-10-07
172250001,2015-10-09
172750001,2015-10-10
173250001,2015-10-12
173750001,2015-10-14
174250001,2015-10-16
174750001,2015-10-17
175250001,2015-10-19
175750001,2015-10-21
176250001,2015-10-23
176750001,2015-10-24
177250001,2015-10-26
177750001,2015-10-28
178250001,2015-10-30
178750001,2015-10-31
179250001,2015-11-02
179750001,2015-11-04
180250001,2015-11-05
180750001,2015-11-07
181250001,2015-11-09
181750001,2015-11-11
182250001,2015-11-12
182750001,2015-11-14
183250001,2015-11-16
183750001,2015-11-17
184250001,2015-11-19
184750001,2015-11-21
185250001,2015-11-22
185750001,2015-11-24
186250001,2015-11-26
186750001,2015-11-28
187250001,2015-11-29
187750001,2015-12-01
188250001,2015-12-03
188750001,2015-12-04
189250001,2015-12-06
189750001,2015-12-08
190250001,2015-12-09
190750001,2015-12-11
191250001,2015-12-13
191750001,2015-12-14
192250001,2015-12-16
192750001,2015-12-18
193250001,2015-12-20
193750001,2015-12-21
194250001,2015-12-23
194750001,2015-12-25
195250001,2015-12-26
195750001,2015-12-28
196250001,2015-12-30
196750001,2015-12-31
197250001,2016-01-02
197750001,2016-01-04
198250001,2016-01-05
198750001,2016-01-07
199250001,2016-01-09
199750001,2016-01-10
200250001,2016-01-12
200750001,2016-01-14
201250001,2016-01-15
201750001,2016-01-17
202250001,2016-01-19
202750001,2016-01-20
203250001,2016-01-22
203750001,2016-01-23
204250001,2016-01-25
204750001,2016-01-27
205250001,2016-01-28
205750001,2016-01-30
206250001,2016-02-01
206750001,2016-02-02
207250001,2016-02-04
207750001,2016-02-06
208250001,2016-02-07
208750001,2016-02-09
209250001,2016-02-11
209750001,2016-02-12
210250001,2016-02-14
210750001,2016-02-15
211250001,2016-02-17
211750001,2016-02-19
212250001,2016-02-20
212750001,2016-02-22
213250001,2016-02-24
213750001,2016-02-25
214250001,2016-02-27
214750001,2016-02-28
215250001,2016-03-01
215750001,2016-03-03
216250001,2016-03-04
216750001,2016-03-06
217250001,2016-03-07
217750001,2016-03-09
218250001,2016-03-11
218750001,2016-03-12
219250001,2016-03-14
219750001,2016-03-15
220250001,2016-03-17
220750001,2016-03-19
221250001,2016-03-20
221750001,2016-03-22
222250001,2016-03-23
222750001,2016-03-25
223250001,2016-03-27
223750001,2016-03-28
224250001,2016-03-30
224750001,2016-03-31
225250001,2016-04-02
225750001,2016-04-04
226250001,2016-04-05
226750001,2016-04-07
227250001,2016-04-08
227750001,2016-04-10
228250001,2016-04-12
228750001,2016-04-13
229250001,2016-04-15
229750001,2016-04-16
230250001,2016-04-18
230750001,2016-04-19
231250001,2016-04-21
231750001,2016-04-23
232250001,2016-04-24
232750001,2016-04-26
233250001,2016-04-27
233750001,2016-04-29
234250001,2016-04-30
234750001,2016-05-02
235250001,2016-05-03
235750001,2016-05-05
236250001,2016-05-07
236750001,2016-05-08
237250001,2016-05-10
237750001,2016-05-11
238250001,2016-05-13
238750001,2016-05-14
239250001,2016-05-16
239750001,2016-05-17
240250001,2016-05-19
240750001,2016-05-21
241250001,2016-05-22
241750001,2016-05-24
242250001,2016-05-25
242750001,2016-05-27
243250001,2016-05-28
243750001,2016-05-30
244250001,2016-05-31
244750001,2016-06-02
245250001,2016-06-03
245750001,2016-06-05
246250001,2016-06-06
246750001,2016-06-08
247250001,2016-06-10
247750001,2016-06-11
248250001,2016-06-13
248750001,2016-06-14
249250001,2016-06-16
249750001,2016-06-17
250250001,2016-06-19
250750001,2016-06-20
251250001,2016-06-22
251750001,2016-06-23
252250001,2016-06-25
252750001,2016-06-26
253250001,2016-06-28
253750001,2016-06-29
254250001,2016-07-01
254750001,2016-07-02
255250001,2016-07-04
255750001,2016-07-05
256250001,2016-07-07
256750001,2016-07-08
257250001,2016-07-10
257750001,2016-07-11
258250001,2016-07-13
258750001,2016-07-14
259250001,2016-07-16
259750001,2016-07-17
260250001,2016-07-19
260750001,2016-07-20
261250001,2016-07-22
261750001,2016-07-23
262250001,2016-07-25
262750001,2016-07-26
263250001,2016-07-28
263750001,2016-07-29
264250001,2016-07-31
264750001,2016-08-01
265250001,2016-08-03
265750001,2016-08-04
266250001,2016-08-06
266750001,2016-08-07
267250001,2016-08-09
267750001,2016-08-10
268250001,2016-08-11
268750001,2016-08-13
269250001,2016-08-14
269750001,2016-08-16
270250001,2016-08-17
270750001,2016-08-19
271250001,2016-08-20
271750001,2016-08-22
272250001,2016-08-23
272750001,2016-08-25
273250001,2016-08-26
273750001,2016-08-28
274250001,2016-08-29
274750001,2016-08-31
275250001,2016-09-01
275750001,2016-09-02
276250001,2016-09-04
276750001,2016-09-05
277250001,2016-09-07
277750001,2016-09-08
278250001,2016-09-10
278750001,2016-09-11
279250001,2016-09-13
279750001,2016-09-14
280250001,2016-09-15
280750001,2016-09-17
281250001,2016-09-18
281750001,2016-09-20
282250001,2016-09-21
282750001,2016-09-23
283250001,2016-09-24
283750001,2016-09-25
284250001,2016-09-27
284750001,2016-09-28
285250001,2016-09-30
285750001,2016-10-01
286250001,2016-10-03
286750001,2016-10-04
287250001,2016-10-05
287750001,2016-10-07
288250001,2016-10-08
288750001,2016-10-10
289250001,2016-10-11
289750001,2016-10-13
290250001,2016-10-14
290750001,2016-10-15
291250001,2016-10-17
291750001,2016-10-18
292250001,2016-10-20
292750001,2016-10-21
293250001,2016-10-22
293750001,2016-10-24
294250001,2016-10-25
294750001,2016-10-27
295250001,2016-10-28
295750001,2016-10-29
296250001,2016-10-31
296750001,2016-11-01
297250001,2016-11-03
297750001,2016-11-04
298250001,2016-11-05
298750001,2016-11-07
299250001,2016-11-08
299750001,2016-11-10
300250001,2016-11-11
300750001,2016-11-12
301250001,2016-11-14
301750001,2016-11-15
302250001,2016-11-17
302750001,2016-11-18
303250001,2016-11-19
303750001,2016-11-21
304250001,2016-11-22
304750001,2016-11-23
305250001,2016-11-25
305750001,2016-11-26
306250001,2016-11-28
306750001,2016-11-29
307250001,2016-11-30
307750001,2016-12-02
308250001,2016-12-03
308750001,2016-12-04
309250001,2016-12-06
309750001,2016-12-07
310250001,2016-12-08
310750001,2016-12-10
311250001,2016-12-11
311750001,2016-12-13
312250001,2016-12-14
312750001,2016-12-15
313250001,2016-12-17
313750001,2016-12-18
314250001,2016-12-19
314750001,2016-12-21
315250001,2016-12-22
315750001,2016-12-23
316250001,2016-12-25
316750001,2016-12-26
317250001,2016-12-27
317750001,2016-12-29
318250001,2016-12-30
318750001,2016-12-31
319250001,2017-01-02
319750001,2017-01-03
320250001,2017-01-05
320750001,2017-01-06
321250001,2017-01-07
321750001,2017-01-09
322250001,2017-01-10
322750001,2017-01-11
323250001,2017-01-13
323750001,2017-01-14
324250001,2017-01-15
324750001,2017-01-16
325250001,2017-01-18
325750001,2017-01-19
326250001,2017-01-20
326750001,2017-01-22
327250001,2017-01-23
327750001,2017-01-24
328250001,2017-01-26
328750001,2017-01-27
329250001,2017-01-28
329750001,2017-01-30
330250001,2017-01-31
330750001,2017-02-01
331250001,2017-02-03
331750001,2017-02-04
332250001,2017-02-05
332750001,2017-02-07
333250001,2017-02-08
333750001,2017-02-09
334250001,2017-02-10
334750001,2017-02-12
335250001,2017-02-13
335750001,2017-02-14
336250001,2017-02-16
336750001,2017-02-17
337250001,2017-02-18
337750001,2017-02-20
338250001,2017-02-21
338750001,2017-02-22
339250001,2017-02-23
339750001,2017-02-25
340250001,2017-02-26
340750001,2017-02-27
341250001,2017-03-01
341750001,2017-03-02
342250001,2017-03-03
342750001,2017-03-04
343250001,2017-03-06
343750001,2017-03-07
344250001,2017-03-08
344750001,2017-03-10
345250001,2017-03-11
345750001,2017-03-12
346250001,2017-03-13
346750001,2017-03-15
347250001,2017-03-16
347750001,2017-03-17
348250001,2017-03-19
348750001,2017-03-20
349250001,2017-03-21
349750001,2017-03-22
350250001,2017-03-24
350750001,2017-03-25
351250001,2017-03-26
351750001,2017-03-27
352250001,2017-03-29
352750001,2017-03-30
353250001,2017-03-31
353750001,2017-04-01
354250001,2017-04-03
354750001,2017-04-04
355250001,2017-04-05
355750001,2017-04-06
356250001,2017-04-08
356750001,2017-04-09
357250001,2017-04-10
357750001,2017-04-11
358250001,2017-04-13
358750001,2017-04-14
359250001,2017-04-15
359750001,2017-04-16
360250001,2017-04-18
360750001,2017-04-19
361250001,2017-04-20
361750001,2017-04-21
362250001,2017-04-23
362750001,2017-04-24
363250001,2017-04-25
363750001,2017-04-26
364250001,2017-04-28
364750001,2017-04-29
365250001,2017-04-30
365750001,2017-05-01
366250001,2017-05-03
366750001,2017-05-04
367250001,2017-05-05
367750001,2017-05-06
368250001,2017-05-07
368750001,2017-05-09
369250001,2017-05-10
369750001,2017-05-11
370250001,2017-05-12
370750001,2017-05-14
371250001,2017-05-15
371750001,2017-05-16
372250001,2017-05-17
372750001,2017-05-18
373250001,2017-05-20
373750001,2017-05-21
374250001,2017-05-22
374750001,2017-05-23
375250001,2017-05-24
375750001,2017-05-26
376250001,2017-05-27
376750001,2017-05-28
377250001,2017-05-29
377750001,2017-05-30
378250001,2017-06-01
378750001,2017-06-02
379250001,2017-06-03
379750001,2017-06-04
380250001,2017-06-05
380750001,2017-06-07
381250001,2017-06-08
381750001,2017-06-09
382250001,2017-06-10
382750001,2017-06-11
383250001,2017-06-13
383750001,2017-06-14
384250001,2017-06-15
384750001,2017-06-16
385250001,2017-06-17
385750001,2017-06-19
386250001,2017-06-20
386750001,2017-06-21
387250001,2017-06-22
387750001,2017-06-23
388250001,2017-06-25
388750001,2017-06-26
389250001,2017-06-27
389750001,2017-06-28
390250001,2017-06-29
390750001,2017-06-30
391250001,2017-07-02
391750001,2017-07-03
392250001,2017-07-04
392750001,2017-07-05
393250001,2017-07-06
393750001,2017-07-07
394250001,2017-07-09
394750001,2017-07-10
395250001,2017-07-11
395750001,2017-07-12
396250001,2017-07-13
396750001,2017-07-14
397250001,2017-07-16
397750001,2017-07-17
398250001,2017-07-18
398750001,2017-07-19
399250001,2017-07-20
399750001,2017-07-21
400250001,2017-07-22
400750001,2017-07-24
401250001,2017-07-25
401750001,2017-07-26
402250001,2017-07-27
402750001,2017-07-28
403250001,2017-07-29
403750001,2017-07-31
404250001,2017-08-01
404750001,2017-08-02
405250001,2017-08-03
405750001,2017-08-04
406250001,2017-08-05
406750001,2017-08-06
407250001,2017-08-08
407750001,2017-08-09
408250001,2017-08-10
408750001,2017-08-11
409250001,2017-08-12
409750001,2017-08-13
410250001,2017-08-14
410750001,2017-08-15
411250001,2017-08-17
411750001,2017-08-18
412250001,2017-08-19
412750001,2017-08-20
413250001,2017-08-21
413750001,2017-08-22
414250001,2017-08-23
414750001,2017-08-24
415250001,2017-08-26
415750001,2017-08-27
416250001,2017-08-28
416750001,2017-08-29
417250001,2017-08-30
417750001,2017-08-31
418250001,2017-09-01
418750001,2017-09-02
419250001,2017-09-03
419750001,2017-09-05
420250001,2017-09-06
420750001,2017-09-07
421250001,2017-09-08
421750001,2017-09-09
422250001,2017-09-10
422750001,2017-09-11
423250001,2017-09-12
423750001,2017-09-13
424250001,2017-09-15
424750001,2017-09-16
425250001,2017-09-17
425750001,2017-09-18
426250001,2017-09-19
426750001,2017-09-20
427250001,2017-09-21
427750001,2017-09-22
428250001,2017-09-23
428750001,2017-09-24
429250001,2017-09-26
429750001,2017-09-27
430250001,2017-09-28
430750001,2017-09-29
431250001,2017-09-30
431750001,2017-10-01
432250001,2017-10-02
432750001,2017-10-03
433250001,2017-10-04
433750001,2017-10-05
434250001,2017-10-06
434750001,2017-10-07
435250001,2017-10-09
435750001,2017-10-10
436250001,2017-10-11
436750001,2017-10-12
437250001,2017-10-13
437750001,2017-10-14
438250001,2017-10-15
438750001,2017-10-16
439250001,2017-10-17
439750001,2017-10-18
440250001,2017-10-19
440750001,2017-10-20
441250001,2017-10-21
441750001,2017-10-22
442250001,2017-10-24
442750001,2017-10-25
443250001,2017-10-26
443750001,2017-10-27
444250001,2017-10-28
444750001,2017-10-29
445250001,2017-10-30
445750001,2017-10-31
446250001,2017-11-01
446750001,2017-11-02
447250001,2017-11-03
447750001,2017-11-04
448250001,2017-11-05
448750001,2017-11-06
449250001,2017-11-07
449750001,2017-11-08
450250001,2017-11-09
450750001,2017-11-10
451250001,2017-11-11
451750001,2017-11-13
452250001,2017-11-14
452750001,2017-11-15
453250001,2017-11-16
453750001,2017-11-17
454250001,2017-11-18
454750001,2017-11-19
455250001,2017-11-20
455750001,2017-11-21
456250001,2017-11-22
456750001,2017-11-23
457250001,2017-11-24
457750001,2017-11-25
458250001,2017-11-26
458750001,2017-11-27
459250001,2017-11-28
459750001,2017-11-29
460250001,2017-11-30
460750001,2017-12-01
461250001,2017-12-02
461750001,2017-12-03
462250001,2017-12-04
462750001,2017-12-05
463250001,2017-12-06
463750001,2017-12-07
464250001,2017-12-08
464750001,2017-12-09
465250001,2017-12-10
465750001,2017-12-11
466250001,2017-12-12
466750001,2017-12-13
467250001,2017-12-14
467750001,2017-12-15
468250001,2017-12-16
468750001,2017-12-17
469250001,2017-12-18
469750001,2017-12-19
470250001,2017-12-20
470750001,2017-12-21
471250001,2017-12-22
471750001,2017-12-24
472250001,2017-12-25
472750001,2017-12-26
473250001,2017-12-27
473750001,2017-12-28
474250001,2017-12-29
474750001,2017-12-30
475250001,2017-12-31
475750001,2018-01-01
476250001,2018-01-02
476750001,2018-01-03
477250001,2018-01-03
478250001,2018-01-05
479250001,2018-01-07
480250001,2018-01-09
481250001,2018-01-11
482250001,2018-01-13
483250001,2018-01-15
484250001,2018-01-17
485250001,2018-01-19
486250001,2018-01-21
487250001,2018-01-23
488250001,2018-01-25
489250001,2018-01-27
490250001,2018-01-29
491250001,2018-01-31
492250001,2018-02-02
493250001,2018-02-04
494250001,2018-02-06
495250001,2018-02-08
496250001,2018-02-10
497250001,2018-02-11
498250001,2018-02-13
499250001,2018-02-15
500250001,2018-02-17
501250001,2018-02-19
502250001,2018-02-21
503250001,2018-02-23
504250001,2018-02-25
505250001,2018-02-27
506250001,2018-03-01
507250001,2018-03-02
508250001,2018-03-04
509250001,2018-03-06
510250001,2018-03-08
511250001,2018-03-10
512250001,2018-03-12
513250001,2018-03-14
514250001,2018-03-15
515250001,2018-03-17
516250001,2018-03-19
517250001,2018-03-21
518250001,2018-03-23
519250001,2018-03-25
520250001,2018-03-27
521250001,2018-03-28
522250001,2018-03-30
523250001,2018-04-01
524250001,2018-04-03
525250001,2018-04-05
526250001,2018-04-06
527250001,2018-04-08
528250001,2018-04-10
529250001,2018-04-12
530250001,2018-04-14
531250001,2018-04-15
532250001,2018-04-17
533250001,2018-04-19
534250001,2018-04-21
535250001,2018-04-23
536250001,2018-04-24
537250001,2018-04-26
538250001,2018-04-28
539250001,2018-04-30
540250001,2018-05-01
541250001,2018-05-03
542250001,2018-05-05
543250001,2018-05-07
544250001,2018-05-08
545250001,2018-05-10
546250001,2018-05-12
547250001,2018-05-14
548250001,2018-05-15
549250001,2018-05-17
550250001,2018-05-19
551250001,2018-05-21
552250001,2018-05-22
553250001,2018-05-24
554250001,2018-05-26
555250001,2018-05-27
556250001,2018-05-29
557250001,2018-05-31
558250001,2018-06-01
559250001,2018-06-03
560250001,2018-06-05
561250001,2018-06-07
562250001,2018-06-08
563250001,2018-06-10
564250001,2018-06-12
565250001,2018-06-13
566250001,2018-06-15
567250001,2018-06-17
568250001,2018-06-18
569250001,2018-06-20
570250001,2018-06-22
571250001,2018-06-23
572250001,2018-06-25
573250001,2018-06-27
574250001,2018-06-28
575250001,2018-06-30
576250001,2018-07-02
577250001,2018-07-03
578250001,2018-07-05
579250001,2018-07-06
580250001,2018-07-08
581250001,2018-07-10
582250001,2018-07-11
583250001,2018-07-13
584250001,2018-07-15
585250001,2018-07-16
586250001,2018-07-18
587250001,2018-07-19
588250001,2018-07-21
589250001,2018-07-23
590250001,2018-07-24
591250001,2018-07-26
592250001,2018-07-27
593250001,2018-07-29
594250001,2018-07-31
595250001,2018-08-01
596250001,2018-08-03
597250001,2018-08-04
598250001,2018-08-06
599250001,2018-08-07
600250001,2018-08-09
601250001,2018-08-11
602250001,2018-08-12
603250001,2018-08-14
604250001,2018-08-15
605250001,2018-08-17
606250001,2018-08-18
607250001,2018-08-20
608250001,2018-08-21
609250001,2018-08-23
610250001,2018-08-25
611250001,2018-08-26
612250001,2018-08-28
613250001,2018-08-29
614250001,2018-08-31
615250001,2018-09-01
616250001,2018-09-03
617250001,2018-09-04
618250001,2018-09-06
619250001,2018-09-07
620250001,2018-09-09
621250001,2018-09-10
622250001,2018-09-12
623250001,2018-09-13
624250001,2018-09-15
625250001,2018-09-16
626250001,2018-09-18
627250001,2018-09-19
628250001,2018-09-21
629250001,2018-09-22
630250001,2018-09-24
631250001,2018-09-25
632250001,2018-09-27
633250001,2018-09-28
634250001,2018-09-30
635250001,2018-10-01
636250001,2018-10-02
637250001,2018-10-04
638250001,2018-10-05
639250001,2018-10-07
640250001,2018-10-08
641250001,2018-10-10
642250001,2018-10-11
643250001,2018-10-13
644250001,2018-10-14
645250001,2018-10-16
646250001,2018-10-17
647250001,2018-10-18
648250001,2018-10-20
649250001,2018-10-21
650250001,2018-10-23
651250001,2018-10-24
652250001,2018-10-26
653250001,2018-10-27
654250001,2018-10-28
655250001,2018-10-30
656250001,2018-10-31
657250001,2018-11-02
658250001,2018-11-03
659250001,2018-11-04
660250001,2018-11-06
661250001,2018-11-07
662250001,2018-11-09
663250001,2018-11-10
664250001,2018-11-11
665250001,2018-11-13
666250001,2018-11-14
667250001,2018-11-15
668250001,2018-11-17
669250001,2018-11-18
670250001,2018-11-20
671250001,2018-11-21
672250001,2018-11-22
673250001,2018-11-24
674250001,2018-11-25
675250001,2018-11-26
676250001,2018-11-28
677250001,2018-11-29
678250001,2018-12-01
679250001,2018-12-02
680250001,2018-12-03
681250001,2018-12-05
682250001,2018-12-06
683250001,2018-12-07
684250001,2018-12-09
685250001,2018-12-10
686250001,2018-12-11
687250001,2018-12-13
688250001,2018-12-14
689250001,2018-12-15
690250001,2018-12-17
691250001,2018-12-18
692250001,2018-12-19
693250001,2018-12-20
694250001,2018-12-22
695250001,2018-12-23
696250001,2018-12-24
697250001,2018-12-26
698250001,2018-12-27
699250001,2018-12-28
700250001,2018-12-30
701250001,2018-12-31
702250001,2019-01-01
703250001,2019-01-03
704250001,2019-01-04
705250001,2019-01-05
706250001,2019-01-06
707250001,2019-01-08
708250001,2019-01-09
709250001,2019-01-10
710250001,2019-01-12
711250001,2019-01-13
712250001,2019-01-14
713250001,2019-01-15
714250001,2019-01-17
715250001,2019-01-18
716250001,2019-01-19
717250001,2019-01-20
718250001,2019-01-22
719250001,2019-01-23
720250001,2019-01-24
721250001,2019-01-25
722250001,2019-01-27
723250001,2019-01-28
724250001,2019-01-29
725250001,2019-01-30
726250001,2019-02-01
727250001,2019-02-02
728250001,2019-02-03
729250001,2019-02-04
730250001,2019-02-06
731250001,2019-02-07
732250001,2019-02-08
733250001,2019-02-09
734250001,2019-02-10
735250001,2019-02-12
736250001,2019-02-13
737250001,2019-02-14
738250001,2019-02-15
739250001,2019-02-17
740250001,2019-02-18
741250001,2019-02-19
742250001,2019-02-20
743250001,2019-02-21
744250001,2019-02-23
745250001,2019-02-24
746250001,2019-02-25
747250001,2019-02-26
748250001,2019-02-27
749250001,2019-03-01
750250001,2019-03-02
751250001,2019-03-03
752250001,2019-03-04
753250001,2019-03-05
754250001,2019-03-07
755250001,2019-03-08
756250001,2019-03-09
757250001,2019-03-10
758250001,2019-03-11
759250001,2019-03-12
760250001,2019-03-14
761250001,2019-03-15
762250001,2019-03-16
763250001,2019-03-17
764250001,2019-03-18
765250001,2019-03-19
766250001,2019-03-21
767250001,2019-03-22
768250001,2019-03-23
769250001,2019-03-24
770250001,2019-03-25
771250001,2019-03-26
772250001,2019-03-28
773250001,2019-03-29
774250001,2019-03-30
775250001,2019-03-31
776250001,2019-04-01
777250001,2019-04-02
778250001,2019-04-03
779250001,2019-04-05
780250001,2019-04-06
781250001,2019-04-07
782250001,2019-04-08
783250001,2019-04-09
784250001,2019-04-10
785250001,2019-04-11
786250001,2019-04-12
787250001,2019-04-14
788250001,2019-04-15
789250001,2019-04-16
790250001,2019-04-17
791250001,2019-04-18
792250001,2019-04-19
793250001,2019-04-20
794250001,2019-04-21
795250001,2019-04-22
796250001,2019-04-24
797250001,2019-04-25
798250001,2019-04-26
799250001,2019-04-27
800250001,2019-04-28
801250001,2019-04-29
802250001,2019-04-30
803250001,2019-05-01
804250001,2019-05-02
805250001,2019-05-03
806250001,2019-05-05
807250001,2019-05-06
808250001,2019-05-07
809250001,2019-05-08
810250001,2019-05-09
811250001,2019-05-10
812250001,2019-05-11
813250001,2019-05-12
814250001,2019-05-13
815250001,2019-05-14
816250001,2019-05-15
817250001,2019-05-16
818250001,2019-05-17
819250001,2019-05-19
820250001,2019-05-20
821250001,2019-05-21
822250001,2019-05-22
823250001,2019-05-23
824250001,2019-05-24
825250001,2019-05-25
826250001,2019-05-26
827250001,2019-05-27
828250001,2019-05-28
829250001,2019-05-29
830250001,2019-05-30
831250001,2019-05-31
832250001,2019-06-01
833250001,2019-06-02
834250001,2019-06-03
835250001,2019-06-04
836250001,2019-06-06
837250001,2019-06-07
838250001,2019-06-08
839250001,2019-06-09
840250001,2019-06-10
841250001,2019-06-11
842250001,2019-06-12
843250001,2019-06-13
844250001,2019-06-14
845250001,2019-06-15
846250001,2019-06-16
847250001,2019-06-17
848250001,2019-06-18
849250001,2019-06-19
850250001,2019-06-20
851250001,2019-06-21
852250001,2019-06-22
853250001,2019-06-23
854250001,2019-06-24
855250001,2019-06-25
856250001,2019-06-26
857250001,2019-06-27
858250001,2019-06-28
859250001,2019-06-29
860250001,2019-06-30
861250001,2019-07-01
862250001,2019-07-02
863250001,2019-07-03
864250001,2019-07-04
865250001,2019-07-05
866250001,2019-07-06
867250001,2019-07-07
868250001,2019-07-08
869250001,2019-07-09
870250001,2019-07-10
871250001,2019-07-11
872250001,2019-07-12
873250001,2019-07-13
874250001,2019-07-14
875250001,2019-07-15
876250001,2019-07-16
877250001,2019-07-17
878250001,2019-07-18
879250001,2019-07-19
880250001,2019-07-20
881250001,2019-07-21
882250001,2019-07-22
883250001,2019-07-23
884250001,2019-07-24
885250001,2019-07-25
886250001,2019-07-26
887250001,2019-07-27
888250001,2019-07-28
889250001,2019-07-29
890250001,2019-07-30
891250001,2019-07-31
892250001,2019-08-01
893250001,2019-08-02
894250001,2019-08-03
895250001,2019-08-04
896250001,2019-08-05
897250001,2019-08-06
898250001,2019-08-07
899250001,2019-08-08
900250001,2019-08-09
901250001,2019-08-10
902250001,2019-08-11
903250001,2019-08-12
904250001,2019-08-13
905250001,2019-08-14
906250001,2019-08-15
907250001,2019-08-16
908250001,2019-08-16
910250001,2019-08-18
912250001,2019-08-20
914250001,2019-08-22
916250001,2019-08-24
918250001,2019-08-26
920250001,2019-08-28
922250001,2019-08-30
924250001,2019-09-01
926250001,2019-09-03
928250001,2019-09-04
930250001,2019-09-06
932250001,2019-09-08
934250001,2019-09-10
936250001,2019-09-12
938250001,2019-09-14
940250001,2019-09-16
942250001,2019-09-18
944250001,2019-09-19
946250001,2019-09-21
948250001,2019-09-23
950250001,2019-09-25
952250001,2019-09-27
954250001,2019-09-29
956250001,2019-10-01
958250001,2019-10-02
960250001,2019-10-04
962250001,2019-10-06
964250001,2019-10-08
966250001,2019-10-10
968250001,2019-10-12
970250001,2019-10-14
972250001,2019-10-15
974250001,2019-10-17
976250001,2019-10-19
978250001,2019-10-21
980250001,2019-10-23
982250001,2019-10-24
984250001,2019-10-26
986250001,2019-10-28
988250001,2019-10-30
990250001,2019-11-01
992250001,2019-11-03
994250001,2019-11-04
996250001,2019-11-06
998250001,2019-11-08
1000250001,2019-11-10
1002250001,2019-11-12
1004250001,2019-11-13
1006250001,2019-11-15
1008250001,2019-11-17
1010250001,2019-11-19
1012250001,2019-11-21
1014250001,2019-11-22
1016250001,2019-11-24
1018250001,2019-11-26
1020250001,2019-11-28
1022250001,2019-11-30
1024250001,2019-12-01
1026250001,2019-12-03
1028250001,2019-12-05
1030250001,2019-12-07
1032250001,2019-12-09
1034250001,2019-12-10
1036250001,2019-12-12
1038250001,2019-12-14
1040250001,2019-12-16
1042250001,2019-12-18
1044250001,2019-12-19
1046250001,2019-12-21
1048250001,2019-12-23
1050250001,2019-12-25
1052250001,2019-12-27
1054250001,2019-12-28
1056250001,2019-12-30
1058250001,2020-01-01
1060250001,2020-01-03
1062250001,2020-01-05
1064250001,2020-01-06
1066250001,2020-01-08
1068250001,2020-01-10
1070250001,2020-01-12
1072250001,2020-01-14
1074250001,2020-01-15
1076250001,2020-01-17
1078250001,2020-01-19
1080250001,2020-01-21
1082250001,2020-01-23
1084250001,2020-01-24
1086250001,2020-01-26
1088250001,2020-01-28
1090250001,2020-01-30
1092250001,2020-02-01
1094250001,2020-02-03
1096250001,2020-02-04
1098250001,2020-02-06
1100250001,2020-02-08
1102250001,2020-02-10
1104250001,2020-02-12
1106250001,2020-02-13
1108250001,2020-02-15
1110250001,2020-02-17
1112250001,2020-02-19
1114250001,2020-02-21
1116250001,2020-02-23
1118250001,2020-02-24
1120250001,2020-02-26
1122250001,2020-02-28
1124250001,2020-03-01
1126250001,2020-03-03
1128250001,2020-03-05
1130250001,2020-03-07
1132250001,2020-03-08
1134250001,2020-03-10
1136250001,2020-03-12
1138250001,2020-03-14
1140250001,2020-03-16
1142250001,2020-03-18
1144250001,2020-03-20
1146250001,2020-03-21
1148250001,2020-03-23
1150250001,2020-03-25
1152250001,2020-03-27
1154250001,2020-03-29
1156250001,2020-03-31
1158250001,2020-04-02
1160250001,2020-04-04
1162250001,2020-04-05
1164250001,2020-04-07
1166250001,2020-04-09
1168250001,2020-04-11
1170250001,2020-04-13
1172250001,2020-04-15
1174250001,2020-04-17
1176250001,2020-04-19
1178250001,2020-04-21
1180250001,2020-04-23
1182250001,2020-04-25
1184250001,2020-04-27
1186250001,2020-04-28
1188250001,2020-04-30
1190250001,2020-05-02
1192250001,2020-05-04
1194250001,2020-05-06
1196250001,2020-05-08
1198250001,2020-05-10
1200250001,2020-05-12
1202250001,2020-05-14
1204250001,2020-05-16
1206250001,2020-05-18
1208250001,2020-05-20
1210250001,2020-05-22
1212250001,2020-05-24
1214250001,2020-05-26
1216250001,2020-05-28
1218250001,2020-05-30
1220250001,2020-06-01
1222250001,2020-06-03
1224250001,2020-06-05
1226250001,2020-06-07
1228250001,2020-06-09
1230250001,2020-06-11
1232250001,2020-06-13
1234250001,2020-06-15
1236250001,2020-06-17
1238250001,2020-06-19
1240250001,2020-06-21
1242250001,2020-06-23
1244250001,2020-06-26
1246250001,2020-06-28
1248250001,2020-06-30
1250250001,2020-07-02
1252250001,2020-07-04
1254250001,2020-07-06
1256250001,2020-07-08
1258250001,2020-07-10
1260250001,2020-07-12
1262250001,2020-07-14
1264250001,2020-07-17
1266250001,2020-07-19
1268250001,2020-07-21
1270250001,2020-07-23
1272250001,2020-07-25
1274250001,2020-07-27
1276250001,2020-07-29
1278250001,2020-08-01
1280250001,2020-08-03
1282250001,2020-08-05
1284250001,2020-08-07
1286250001,2020-08-09
1288250001,2020-08-12
1290250001,2020-08-14
1292250001,2020-08-16
1294250001,2020-08-18
1296250001,2020-08-20
1298250001,2020-08-23
1300250001,2020-08-25
1302250001,2020-08-27
1304250001,2020-08-29
1306250001,2020-09-01
1308250001,2020-09-03
1310250001,2020-09-05
1312250001,2020-09-08
1314250001,2020-09-10
1316250001,2020-09-12
1318250001,2020-09-14
1320250001,2020-09-17
1322250001,2020-09-19
1324250001,2020-09-21
1326250001,2020-09-24
1328250001,2020-09-26
1330250001,2020-09-28
1332250001,2020-10-01
1334250001,2020-10-03
1336250001,2020-10-06
1338250001,2020-10-08
1340250001,2020-10-10
1342250001,2020-10-13
1344250001,2020-10-15
1346250001,2020-10-18
1348250001,2020-10-20
1350250001,2020-10-22
1352250001,2020-10-25
1354250001,2020-10-27
1356250001,2020-10-30
1358250001,2020-11-01
1360250001,2020-11-04
1362250001,2020-11-06
1364250001,2020-11-09
1366250001,2020-11-11
1368250001,2020-11-14
1370250001,2020-11-16
1372250001,2020-11-19
1374250001,2020-11-21
1376250001,2020-11-24
1378250001,2020-11-27
1380250001,2020-11-29
1382250001,2020-12-02
1384250001,2020-12-04
1386250001,2020-12-07
1388250001,2020-12-09
1390250001,2020-12-12
1392250001,2020-12-15
1394250001,2020-12-17
1396250001,2020-12-20
1398250001,2020-12-23
1400250001,2020-12-25
1402250001,2020-12-28
1404250001,2020-12-31
1406250001,2021-01-02
1408250001,2021-01-05
1410250001,2021-01-08
1412250001,2021-01-10
1414250001,2021-01-13
1416250001,2021-01-16
1418250001,2021-01-19
1420250001,2021-01-21
1422250001,2021-01-24
1424250001,2021-01-27
1426250001,2021-01-30
1428250001,2021-02-02
1430250001,2021-02-04
1432250001,2021-02-07
1434250001,2021-02-10
1436250001,2021-02-13
1438250001,2021-02-16
1440250001,2021-02-19
1442250001,2021-02-22
1444250001,2021-02-24
1446250001,2021-02-27
1448250001,2021-03-02
1450250001,2021-03-05
1452250001,2021-03-08
1454250001,2021-03-11
1456250001,2021-03-14
1458250001,2021-03-17
1460250001,2021-03-20
1462250001,2021-03-23
1464250001,2021-03-26
1466250001,2021-03-29
1468250001,2021-04-01
1470250001,2021-04-04
1472250001,2021-04-07
1474250001,2021-04-10
1476250001,2021-04-13
1478250001,2021-04-16
1480250001,2021-04-19
1482250001,2021-04-22
1484250001,2021-04-26
1486250001,2021-04-29
1488250001,2021-05-02
1490250001,2021-05-05
1492250001,2021-05-08
1494250001,2021-05-11
1496250001,2021-05-15
1498250001,2021-05-18
1500250001,2021-05-21
1502250001,2021-05-24
1504250001,2021-05-27
1506250001,2021-05-31
1508250001,2021-06-03
1510250001,2021-06-06
1512250001,2021-06-10
1514250001,2021-06-13
1516250001,2021-06-16
1518250001,2021-06-20
1520250001,2021-06-23
1522250001,2021-06-26
1524250001,2021-06-30
1526250001,2021-07-03
1528250001,2021-07-06
1530250001,2021-07-10
1532250001,2021-07-13
1534250001,2021-07-17
1536250001,2021-07-20
1538250001,2021-07-24
1540250001,2021-07-27
1542250001,2021-07-31
1544250001,2021-08-03
1546250001,2021-08-07
1548250001,2021-08-10
1550250001,2021-08-14
1552250001,2021-08-17
1554250001,2021-08-21
1556250001,2021-08-24
1558250001,2021-08-28
1560250001,2021-09-01
1562250001,2021-09-04
1564250001,2021-09-08
1566250001,2021-09-11
1568250001,2021-09-15
1570250001,2021-09-19
1572250001,2021-09-23
1574250001,2021-09-26
1576250001,2021-09-30
1578250001,2021-10-04
1580250001,2021-10-07
1582250001,2021-10-11
1584250001,2021-10-15
1586250001,2021-10-19
1588250001,2021-10-23
1590250001,2021-10-26
1592250001,2021-10-30
1594250001,2021-11-03
1596250001,2021-11-07
1598250001,2021-11-11
1600250001,2021-11-15
1602250001,2021-11-19
1604250001,2021-11-23
1606250001,2021-11-27
1608250001,2021-12-01
1610250001,2021-12-05
1612250001,2021-12-09
1614250001,2021-12-13
1616250001,2021-12-17
1618250001,2021-12-21
1620250001,2021-12-25
1622250001,2021-12-29
1624250001,2022-01-02
1626250001,2022-01-06
1628250001,2022-01-10
1630250001,2022-01-14
1632250001,2022-01-18
1634250001,2022-01-23
1636250001,2022-01-27
1638250001,2022-01-31
1640250001,2022-02-04
1642250001,2022-02-08
1644250001,2022-02-13
1646250001,2022-02-17
1648250001,2022-02-21
1650250001,2022-02-26
1652250001,2022-03-02
1654250001,2022-03-06
1656250001,2022-03-11
1658250001,2022-03-15
1660250001,2022-03-19
1662250001,2022-03-24
1664250001,2022-03-28
1666250001,2022-04-02
1668250001,2022-04-06
1670250001,2022-04-11
1672250001,2022-04-15
1674250001,2022-04-20
1676250001,2022-04-24
1678250001,2022-04-29
1680250001,2022-05-03
1682250001,2022-05-08
1684250001,2022-05-12
1686250001,2022-05-17
1688250001,2022-05-22
1690250001,2022-05-26
1692250001,2022-05-31
1694250001,2022-06-05
1696250001,2022-06-09
1698250001,2022-06-14
1700250001,2022-06-19
1702250001,2022-06-23
1704250001,2022-06-28
1706250001,2022-07-03
1708250001,2022-07-08
1710250001,2022-07-13
1712250001,2022-07-17
1714250001,2022-07-22
1716250001,2022-07-27
1718250001,2022-08-01
1720250001,2022-08-06
1722250001,2022-08-11
1724250001,2022-08-16
1726250001,2022-08-21
1728250001,2022-08-26
1730250001,2022-08-31
1732250001,2022-09-05
1734250001,2022-09-10
1736250001,2022-09-15
1738250001,2022-09-20
1740250001,2022-09-25
1742250001,2022-09-30
1744250001,2022-10-05
1746250001,2022-10-11
1748250001,2022-10-16
1750250001,2022-10-21
1752250001,2022-10-26
1754250001,2022-10-31
1756250001,2022-11-06
1758250001,2022-11-11
1760250001,2022-11-16
1762250001,2022-11-22
1764250001,2022-11-27
1766250001,2022-12-02
1768250001,2022-12-08
1770250001,2022-12-13
1772250001,2022-12-18
1774250001,2022-12-24
1776250001,2022-12-29
1778250001,2023-01-04
1780250001,2023-01-09
1782250001,2023-01-15
1784250001,2023-01-20
1786250001,2023-01-26
1788250001,2023-01-31
1790250001,2023-02-06
1792250001,2023-02-12
1794250001,2023-02-17
1796250001,2023-02-23
1798250001,2023-03-01
1800250001,2023-03-06
1802250001,2023-03-12
1804250001,2023-03-18
1806250001,2023-03-24
1808250001,2023-03-29
1810250001,2023-04-04
1812250001,2023-04-10
1814250001,2023-04-16
1816250001,2023-04-22
1818250001,2023-04-27
1820250001,2023-05-03
1822250001,2023-05-09
1824250001,2023-05-15
1826250001,2023-05-21
1828250001,2023-05-27
1830250001,2023-06-02
1832250001,2023-06-08
1834250001,2023-06-14
1836250001,2023-06-20
1838250001,2023-06-26
1840250001,2023-07-03
1842250001,2023-07-09
1844250001,2023-07-15
1846250001,2023-07-21
1848250001,2023-07-27
1850250001,2023-08-03
1852250001,2023-08-09
1854250001,2023-08-15
1856250001,2023-08-21
1858250001,2023-08-28
1860250001,2023-09-03
1862250001,2023-09-09
1864250001,2023-09-16
1866250001,2023-09-22
1868250001,2023-09-29
1870250001,2023-10-05
1872250001,2023-10-11
1874250001,2023-10-18
1876250001,2023-10-25
1878250001,2023-10-31
1880250001,2023-11-07
1882250001,2023-11-13
1884250001,2023-11-20
1886250001,2023-11-26
1888250001,2023-12-03
1890250001,2023-12-10
1892250001,2023-12-16
1894250001,2023-12-23
1896250001,2023-12-30
1898250001,2024-01-06
1900250001,2024-01-13
1902250001,2024-01-19
1904250001,2024-01-26
1906250001,2024-02-02
1908250001,2024-02-09
1910250001,2024-02-16
1912250001,2024-02-23
1914250001,2024-03-01
1916250001,2024-03-08
1918250001,2024-03-15
1920250001,2024-03-22
1922250001,2024-03-29
1924250001,2024-04-05
1926250001,2024-04-12
1928250001,2024-04-19
1930250001,2024-04-26
1932250001,2024-05-03
1934250001,2024-05-11
1936250001,2024-05-18
1938250001,2024-05-25
1940250001,2024-06-01
1942250001,2024-06-09
1944250001,2024-06-16
1946250001,2024-06-23
1948250001,2024-07-01
1950250001,2024-07-08
1952250001,2024-07-16
1954250001,2024-07-23
1956250001,2024-07-30
1958250001,2024-08-07
1960250001,2024-08-14
1962250001,2024-08-22
1964250001,2024-08-30
1966250001,2024-09-06
1968250001,2024-09-14
1970250001,2024-09-21
1972250001,2024-09-29
1974250001,2024-10-07
1976250001,2024-10-14
1978250001,2024-10-22
1980250001,2024-10-30
1982250001,2024-11-07
1984250001,2024-11-15
1986250001,2024-11-22
1988250001,2024-11-30
1990250001,2024-12-08
1992250001,2024-12-16
1994250001,2024-12-20
